그룹,니즈_요약
급전,"## 급전 그룹 (보험설계사 자격증 준비·활동 관련) Pain Point & 니즈 및 솔루션 Insight

| 니즈 | 솔루션 |
|---|---|
| **수입 불안정 및 실적 압박 해소** |  데이터 기반 맞춤형 고객 발굴 및 관리 플랫폼 제공 |
| **경제적 어려움 극복 및 생활 안정** |  단기 자금 융통 및 재무 컨설팅 서비스 제공 |
| **개인회생/파산 관련 정보 부족 해소** |  개인회생/파산 절차 간소화 및 맞춤형 법률 자문 제공 |
| **자기계발 및 전문성 강화 지원** |  성공적인 보험설계사 커리어를 위한 교육 콘텐츠 및 멘토링 제공 |
| **심리적 안정 및 자존감 회복** |  동료 설계사와의 커뮤니티 및 심리 상담 프로그램 제공 |
| **영업 비용 부담 완화** |  영업 활동 지원을 위한 합리적인 비용의 솔루션 제공 (예: 광고, DB 제공) |"
기타,"## 보험설계사 Pain Point 및 니즈 - 솔루션 Insight

| 니즈 | 솔루션 |
|---|---|
| 1. **최신 시험 정보 및 합격 전략:** 시험 일정, 장소, 준비물, 난이도, 과목별 공략법 등 정확하고 최신 정보에 대한 접근성 향상 및 효과적인 학습 전략 필요 | **맞춤형 시험 정보 제공 플랫폼:** 개인별 맞춤 학습 로드맵, 취약 과목 분석, 실시간 업데이트되는 시험 정보 제공 |
| 2. **효율적인 학습 방법 및 자료:** 방대한 학습량, 어려운 용어, 부족한 시간 속에서 단기 합격을 위한 요약 자료, 기출문제, 온라인 강의, 암기법 등의 효율적인 학습 방법 및 자료 필요 | **AI 기반 맞춤형 학습 콘텐츠:** 개인별 학습 패턴 분석을 통한 최적화된 학습 자료 및 퀴즈 제공, 챗봇을 통한 실시간 Q&A |
| 3. **합격 후 실질적인 활동 지원:** 합격 후 교육, 회사 선택, 커리어 관리, 실무 지식, 영업 스킬 등 설계사로서 성공적인 활동을 위한 정보 및 지원 부족 | **성공적인 커리어 로드맵 제시:** GA 선택 가이드, 선배 설계사의 성공 스토리, 실무 교육 프로그램, 영업 스킬 향상 워크숍 제공 |
| 4. **활동 중 겪는 어려움 해소:** 실적 스트레스, 경쟁 심화, 고객 부족, 거절에 대한 두려움, 낮은 계약률 등 설계사 활동 중 겪는 어려움에 대한 공감 및 해결책 모색 | **설계사 커뮤니티 및 멘토링 시스템 구축:** 정보 공유, 노하우 전수, 심리적 안정 및 동기 부여를 위한 커뮤니티 활성화 및 멘토링 프로그램 운영 |
| 5. **개인 재정 문제 해결 지원:** 불안정한 소득, 환수금 리스크, 영업 비용 인정, 보증보험 갱신 어려움, 복잡한 개인회생 절차 등 설계사의 특수한 재정 상황에 대한 이해 및 지원 | **재무 컨설팅 및 법률 지원:** 개인회생, 채무 관리, 영업 비용 절감 방안 등 맞춤형 재무 컨설팅 및 법률 자문 제공 |
| 6. **다양한 보험 상품 정보 및 설계 지원:** 태아보험, 사망보험 등 다양한 보험 상품에 대한 정보 부족 및 복잡한 설계 과정에 대한 어려움 해소 | **보험 상품 비교 및 맞춤 설계 플랫폼:** AI 기반 보험 상품 추천, 간편한 보험료 비교, 전문가 상담 연계 |"
부업,"## 부업 그룹의 Pain Point·니즈 및 한 줄 솔루션 Insight

| 니즈 | 솔루션 |
|---|---|
| **시간 제약 극복 및 효율적인 학습** | 짧은 시간에도 핵심 내용을 빠르게 습득할 수 있는 압축적인 학습 콘텐츠 제공 (요약본, 영상 강의 등) |
| **낮은 시험 난이도 및 합격 보장** | 시험 합격에 필요한 최소한의 정보와 전략을 제공하여 단기 합격률을 높임 |
| **정보 획득의 용이성** | 시험 정보, 절차, 팁 등 필요한 정보를 한 곳에서 쉽게 얻을 수 있는 플랫폼 제공 |
| **경쟁력 확보 및 실무 역량 강화** | 차별화된 영업 전략, 전문 지식, 고객 관계 관리 노하우 등을 교육하여 실질적인 수익 창출 지원 |
| **안정적인 수입 및 지속적인 동기 부여** | 수수료, DB 지원, 마케팅 지원 등 설계사 활동에 필요한 실질적인 지원 시스템 구축 |
| **육아, 본업 병행을 위한 유연한 근무 환경** | 시간과 장소에 제약 없이 자유롭게 활동할 수 있는 근무 환경 및 시스템 제공 |"
자기계발,"## 자기계발 그룹의 Pain Point·니즈 및 솔루션 Insight

| 니즈 | 솔루션 |
|---|---|
| **시험 준비 부담 완화 및 합격 전략** <br> (높은 시험 난이도 체감, 정보 부족, 암기 위주 학습의 한계, 부족한 준비 기간, 불합격 불안감) | **개념 이해 중심의 맞춤형 학습 콘텐츠 제공:** 최신 기출 유형 분석, 판례 기반 학습, 난이도별 문제 풀이, 핵심 요약 강의, 개인별 취약점 분석 및 보완 시스템 구축 |
| **보험 지식 부족 해소** <br> (보험 용어/개념 이해 어려움, 복잡한 상품 구조, 최신 정보 부족, 신뢰할 수 있는 정보 획득) | **쉽고 명확한 보험 지식 교육:** 핵심 용어/개념 정의, 시각 자료 활용, 사례 기반 설명, 최신 법규/상품 정보 업데이트, 전문가 Q&A 세션 운영 |
| **시간 부족 극복 및 효율적인 학습 환경 조성** <br> (육아 병행, 출퇴근 시간 활용, 학습 공간 제약) | **언제 어디서나 접근 가능한 학습 플랫폼 제공:** 모바일 최적화, 온라인 강의/자료 제공, 오프라인 스터디 그룹 지원, 학습 시간 관리 도구 제공 |
| **합격 후 활동 지원 및 경력 개발** <br> (합격 후 절차/실무 정보 부족, 기존 영업 방식 불신, 안정적인 고객 관리 및 신뢰 구축, 전문성 강화) | **실무 중심의 교육 및 네트워킹 기회 제공:** 보험 상품 판매 전략, 고객 관리 노하우, 법률/세무 지식, 선배 설계사 멘토링, 커뮤니티 운영 |
| **동기 부여 및 지속적인 성장** <br> (불안감 해소, 격려 필요, 자기 계발/성취감 추구, 사회 기여 욕구) | **성장 로드맵 제시 및 커뮤니티 활성화:** 학습 목표 달성 보상, 성공 사례 공유, 전문가 초청 강연, 봉사활동 프로그램 운영, 긍정적 피드백 및 격려 |
| **경제적 부담 완화 및 혜택 제공** <br> (무료 교육/경제적 혜택, 자녀 복지 혜택) | **다양한 학습 지원 프로그램 제공:** 교육비 지원, 장학금 지급, 자녀 교육 프로그램 운영, 자격증 취득 후 활동 지원금 지급 |"
전업,"## 보험설계사 자격증 준비·활동 관련 Pain Point 및 니즈 & 한 줄 솔루션 Insight

| 니즈 | 솔루션 |
|---|---|
| **1. 시험 정보 부족 및 접근성 제한** (시험 일정, 범위, 개인 접수 불가 등) | **맞춤형 시험 정보 큐레이션 & 간편 접수 대행 플랫폼 제공.** (정보 허브 구축) |
| **2. 효율적인 학습 방법 부재** (방대한 내용, 시간 부족, 비전공자 어려움) | **핵심 요약 + 맞춤형 학습 로드맵 + 실전 문제 풀이 훈련 제공.** (단기 합격 보장) |
| **3. 자격증 취득 후 불안감** (낮은 소득, 지인 영업, 실전 경험 부족) | **실무 연계 집중 교육 + 신규 고객 확보 지원 + 멘토링 시스템 제공.** (성공적인 정착 지원) |
| **4. 영업 방식 선택의 어려움** (다양한 방식, 초기 자본 부담, 불완전판매 우려) | **개인 맞춤 영업 방식 컨설팅 + 투명한 수수료 공개 + 윤리적 판매 교육 제공.** (안정적인 영업 환경 조성) |
| **5. 불안정한 수입 및 수수료 불만** (낮은 수당, 수수료 미지급, 잦은 이직) | **투명한 수수료 체계 + 안정적인 고객 관리 시스템 + 장기적인 커리어 패스 제공.** (지속 가능한 성장 기반 마련) |
| **6. 전문성 부족 및 차별화 필요** (경쟁 심화, 고객 신뢰 구축, 시장 변화 적응) | **손해사정, 재무 설계 등 전문 지식 교육 + 고객 맞춤형 솔루션 제공 + 최신 트렌드 정보 제공.** (전문 컨설턴트 역량 강화) |"
